{"cameraMode":{"drawMode":0,"name":"Shaded","section":"Shading Mode"},"sceneLighting":true,"audioPlay":false,"sceneViewState":{"m_AlwaysRefresh":false,"showFog":true,"showSkybox":true,"showFlares":true,"showImageEffects":true,"showParticleSystems":true,"showVisualEffectGraphs":true,"m_FxEnabled":true},"in2DMode":false,"pivot":{"x":-0.17856216430664063,"y":-0.33960652351379397,"z":0.3496246337890625},"rotation":{"x":-0.11508640646934509,"y":0.8089129328727722,"z":-0.1688733696937561,"w":-0.5512710809707642},"size":5.407395362854004,"orthographic":false}